AA,Log2_Enrichment(O/E),p_value_corrected(FDR_BH)
ALA,0.356121,2.5984e-128
ARG,-3.71229,0
ASN,-2.33784,0
ASP,-2.8515,0
CYS,-0.56671,4.76128e-41
GLN,-3.66461,0
GLU,-5.15714,0
GLY,0.0900034,9.02294e-08
HIS,-0.512246,1.19557e-49
ILE,0.916953,0
LEU,1.01778,0
LYS,-6.94398,0
MET,0.532982,1.33273e-90
PHE,1.96949,0
PRO,-0.768343,1.92185e-204
SER,-1.19474,0
THR,-0.967148,0
TRP,2.34962,0
TYR,-0.0417228,0.116251
VAL,0.556555,1.06551e-290
