AA,Log2_Enrichment(O/E),p_value_corrected(FDR_BH)
ALA,0.195729,7.28656e-26
ARG,-3.2577,0
ASN,-1.94883,0
ASP,-2.46242,0
CYS,-0.899184,4.94073e-60
GLN,-3.18655,0
GLU,-4.97268,0
GLY,-0.168271,7.66197e-15
HIS,-0.541879,7.6262e-38
ILE,1.00234,0
LEU,0.889364,0
LYS,-6.42749,0
MET,0.29892,9.73374e-19
PHE,2.13298,0
PRO,-0.794679,2.76591e-148
SER,-1.95775,0
THR,-0.979334,9.61965e-244
TRP,2.63786,0
TYR,0.123197,6.04465e-05
VAL,0.684253,4.29689e-320
